Model,Launch,Fillrate Pixel (GP/s),Fillrate Texture (GT/s),Processing power (GFLOPS) Single precision,TDP (Watts)
GeForce 8300 GS,7/1/07,1.8,3.6,14.4,40
GeForce 8400 GS,6/15/07,1.8,3.6,28.8,40
GeForce 8400 GS rev.2,12/10/07,2.268,4.536,22.4,25
GeForce 8400 GS rev.3,7/12/10,2.08,2.08,19.7,25
GeForce 8400 GS rev.3,7/12/10,2.356,2.356,19.7,25
GeForce 8500 GT,4/17/07,1.8,3.6,28.8,45
GeForce 8600 GS,4/1/07,4.32,4.32,75.5,47
GeForce 8600 GT,4/17/07,4.32,8.64,76,47
GeForce 8600 GTS,4/17/07,5.4,10.8,92.8,71
GeForce 8800 GS,1/1/08,6.6,26.4,264,105
GeForce 8800 GTS (G80),2/12/07,10.3,12.3,228,146
GeForce 8800 GTS 112 (G80),11/19/07,10,14,268.8,150
GeForce 8800 GT,10/29/07,9.6,33.6,336,125
GeForce 8800 GTS (G92),12/11/07,10.4,41.6,416,135
GeForce 8800 GTX,11/8/06,13.8,18.4,345.6,145
GeForce 8800 Ultra,5/2/07,14.7,19.6,384,175
GeForce 9400 mGPU,10/1/08,2.32,4.64,67.2,12
GeForce 9300 GE,6/1/08,2.16,4.32,20.8,25
GeForce 9300 GS,6/1/08,2.268,4.536,22.4,25
GeForce 9400 GT,8/27/08,2.2,4.4,44.8,50
GeForce 9500 GT,7/29/08,4.4,8.8,89.6,50
GeForce 9600 GSO,5/1/08,6.6,26.4,264,84
GeForce 9600 GSO 512,10/1/08,10.4,15.6,156,90
GeForce 9600 GT Green Edition,1/1/09,9.6,19.2,192,59
GeForce 9600 GT Green Edition,1/1/09,10,20,208,59
GeForce 9600 GT,2/21/08,10.4,20.8,208,95
GeForce 9800 GT Green Edition,1/1/09,8.8,30.8,308,75
GeForce 9800 GT,7/1/08,9.6,33.6,336,125
GeForce 9800 GTX,4/1/08,10.8,43.2,432,140
GeForce 9800 GTX+,7/16/08,11.808,47.232,470,141
GeForce 9800 GX2,3/18/08,19.2,76.8,768,197
GeForce G 100,3/10/09,2.15,4.3,22.4,35
GeForce GT 120,3/10/09,4.4,8.8,89.6,50
GeForce GT 130,3/10/09,6,12,120,75
GeForce GT 140,3/10/09,10.4,20.8,208,105
GeForce GTS 150,3/10/09,11.808,47.232,470,141
GeForce 205,11/26/09,2.356,2.356,22.4,30.5
GeForce 210,10/12/09,2.356,4.712,36.4,30.5
GeForce 210,10/12/09,2.356,4.712,44.9,30.5
GeForce GT 220,10/12/09,5,10,128.2,58
GeForce GT 220,10/12/09,5,10,130.6,58
GeForce GT 230,10/12/09,10.4,15.6,156,75
GeForce GT 230,4/27/09,6,24,238.5,75
GeForce GT 240,11/17/09,4.4,17.6,257.3,69
GeForce GTS 240,7/1/09,10.8,37.8,362.9,120
GeForce GTS 250,1/1/09,11.2,44.9,387,130
GeForce GTS 250,3/3/09,11.808,47.232,470,150
GeForce GTX 260,6/16/08,16.128,36.864,477,182
GeForce GTX 275,4/9/09,17.724,50.6,674,219
GeForce GTX 280,6/17/08,19.264,48.16,622,236
GeForce GTX 285,1/15/09,20.736,51.84,708.48,204
GeForce GTX 295,1/8/09,32.256,92.16,1192.3,289
GeForce 310,11/27/09,2.356,4.712,44.8,30.5
GeForce 315,2/1/10,3.8,7.6,105.6,33
GeForce GT 320,2/1/10,4.32,12.96,187.5,43
GeForce GT 330,2/1/10,4.4,17.6,257.3,75
GeForce GT 330,2/1/10,4,24,240,75
GeForce GT 330,2/1/10,8,24,240,75
GeForce 405,9/16/11,3.8,7.6,105.6,30.5
GeForce 405,9/16/11,2.36,4.71,44.86,30.5
GeForce GT 420,9/3/10,2.8,2.8,134.4,50
GeForce GT 430,10/11/10,2.8,11.2,268.8,60
GeForce GT 430,10/11/10,2.8,11.2,268.8,49
GeForce GT 430,10/11/10,2.8,11.2,268.8,49
GeForce GT 440,2/1/11,3.2,12.9,311.04,65
GeForce GT 440,10/11/10,4.8,19.4,342.43,56
GeForce GTS 450,10/11/10,4.7,18.9,455.04,106
GeForce GTS 450,9/13/10,6.2,25,601.34,106
GeForce GTX 460 SE,11/15/10,7.8,31.2,748.8,150
GeForce GTX 460,10/11/10,9.1,36.4,873.6,150
GeForce GTX 460,7/12/10,9.4,37.8,907.2,150
GeForce GTX 460,7/12/10,9.4,37.8,907.2,160
GeForce GTX 460,9/24/11,10.9,43.6,1045.6,160
GeForce GTX 465,5/31/10,13.3,26.7,855.36,200
GeForce GTX 470,3/26/10,17,34,1088.64,215
GeForce GTX 480,3/26/10,21,42,1344.96,250
GeForce 510,9/29/11,2.1,4.5,100.4,25
GeForce GT 520,4/12/11,3.25,6.5,155.5,29
GeForce GT 530,5/14/11,2.8,11.2,268.8,50
GeForce GT 545,5/14/11,11.52,17.28,415.07,70
GeForce GT 545,5/14/11,13.92,20.88,501.12,105
GeForce GTX 550 Ti,3/15/11,21.6,28.8,691.2,116
GeForce GTX 555,5/14/11,17.6,35.3,847.9,150
GeForce GTX 560 SE,2/20/12,17.6,35.3,847.9,150
GeForce GTX 560,5/17/11,25.92,45.36,1088.6,150
GeForce GTX 560 Ti,1/25/11,26.3,52.61,1263.4,170
GeForce GTX 560 Ti,5/30/11,29.28,32.21,1030.7,210
GeForce GTX 560 Ti 448 Cores,11/29/11,29.28,40.99,1311.7,210
GeForce GTX 570,12/7/10,29.28,43.92,1405.4,219
GeForce GTX 580,11/9/10,37.05,49.41,1581.1,244
GeForce GTX 590,3/24/11,58.28,77.7,2488.3,365
GeForce 605,4/3/12,2.09,4.2,100.4,25
GeForce GT 610,5/15/12,3.24,6.5,155.5,29
GeForce GT 620,4/3/12,3.24,6.5,155.5,30
GeForce GT 620,5/15/12,2.8,11.2,268.8,49
GeForce GT 625,2/19/13,3.24,6.5,155.5,30
GeForce GT 630,4/24/12,14,14,336,50
GeForce GT 630,5/15/12,2.8,11.2,311,49
GeForce GT 630,5/15/12,3.2,13,311,65
GeForce GT 630,5/29/13,7.22,14.44,692.7,25
GeForce GT 635,2/19/13,7.74,15.5,742.7,35
GeForce GT 640,4/24/12,17.3,17.3,414.7,75
GeForce GT 640,4/24/12,12.8,25.5,612.1,50
GeForce GT 640,6/5/12,14.4,28.8,691.2,65
GeForce GT 640,4/24/12,15.2,30.4,729.6,75
GeForce GT 640,5/29/13,8.37,16.7,803.3,49
GeForce GT 645,4/24/12,18.6,37.3,894,140
GeForce GTX 645,4/22/13,14.16,39.5,948.1,64
GeForce GTX 650,9/13/12,16.9,33.8,812.54,64
GeForce GTX 650 Ti,10/9/12,14.8,59.4,1425.41,110
GeForce GTX 650 Ti Boost,3/26/13,23.5,62.7,1505.28,134
GeForce GTX 660,9/13/12,23.5,78.4,1881.6,140
GeForce GTX 660,8/22/12,19.8,79,2108.6,130
GeForce GTX 660 Ti,8/16/12,22,102.5,2459.52,150
GeForce GTX 670,5/10/12,29.3,102.5,2459.52,170
GeForce GTX 680,3/22/12,32.2,128.8,3090.43,195
GeForce GTX 690,4/29/12,58.56,234.24,5621.76,300
GeForce GT 705,3/27/14,3.24,6.5,155.5,29
GeForce GT 710,1/26/16,7.6,15.3,366,19
GeForce GT 720,3/27/14,6.4,12.8,306,19
GeForce GT 730,6/18/14,7.22,14.44,692.7,23
GeForce GT 730,6/18/14,7.22,14.44,692.7,25
GeForce GT 730,6/18/14,2.8,11,268.8,49
GeForce GT 740,5/29/14,15.9,31.8,762.6,64
GeForce GT 740,5/29/14,15.9,31.8,762.6,64
GeForce GTX 745,2/18/14,16.5,24.8,793.3,55
GeForce GTX 750,2/18/14,16.3,32.6,1044.5,55
GeForce GTX 750 Ti,2/18/14,16.3,40.8,1305.6,60
GeForce GTX 760 192-bit,10/17/13,19.8,79.1,1896.2,130
GeForce GTX 760,6/25/13,31.4,94,2257.9,170
GeForce GTX 760 Ti,9/27/13,29.3,102.5,2459.5,170
GeForce GTX 770,5/30/13,33.5,134,3213.3,230
GeForce GTX 780,5/23/13,41.4,160.5,3976.7,230
GeForce GTX 780 Ti,11/7/13,42,210.2,5045.7,230
GeForce GTX TITAN,2/21/13,40.2,187.5,4499.7,230
GeForce GTX TITAN Black,2/18/14,42.7,213.4,5120.6,230
GeForce GTX TITAN Z,5/28/14,67.6,338,10092,375
GeForce GT 945A,2/1/16,8.5,25.7,1097.7,33
GeForce GT 945A,2/1/16,9.4,28.2,1204.2,33
GeForce GTX 950,8/20/15,32.7,49.1,1572.8,90
GeForce GTX 950,8/20/15,38,57,1824.7,90
GeForce GTX 960,1/22/15,36,72.1,2308,120
GeForce GTX 960,1/22/15,37.6,75.3,2412.5,120
GeForce GTX 970,9/18/14,58.8,109.2,3494.4,145
GeForce GTX 970,9/18/14,65.9,122.5,3920.3,145
GeForce GTX 980,9/18/14,72,144.1,4612,165
GeForce GTX 980,9/18/14,77.8,155.6,4980.7,165
GeForce GTX 980 Ti,6/1/15,96,176,5632,250
GeForce GTX 980 Ti,6/1/15,103.2,189.2,6054.4,250
GeForce GTX TITAN X,3/17/15,96,192,6144,250
GeForce GTX TITAN X,3/17/15,103.2,206.4,6604.8,250
GeForce GT 1010 ,1/13/21,9.8,19.7,628.7,30
GeForce GT 1010 ,1/13/21,11.8,23.5,751.6,30
GeForce GT 1010 ,1/13/21,9.2,18.4,590,20
GeForce GT 1010 ,1/13/21,11,22,706.6,20
GeForce GT 1030 ,3/12/18,18.4,27.6,884.7,20
GeForce GT 1030 ,3/12/18,22,33,1059,20
GeForce GT 1030 ,5/17/17,19.6,29.4,942.3,30
GeForce GT 1030 ,5/17/17,23.4,35.2,1127.4,30
GeForce GTX 1050,10/25/16,43.3,54.1,1733.1,75
GeForce GTX 1050,10/25/16,46.6,58.8,1862.4,75
GeForce GTX 1050,5/21/18,33.4,66.8,2138.1,75
GeForce GTX 1050,5/21/18,36.4,72.9,2331.6,75
GeForce GTX 1050 Ti,10/25/16,41.2,61.9,1981.4,75
GeForce GTX 1050 Ti,10/25/16,44.5,66.8,2138.1,75
GeForce GTX 1060,12/25/16,72.2,108.4,3469.8,120
GeForce GTX 1060,12/25/16,81.9,122.9,3935.2,120
GeForce GTX 1060,8/18/16,72.2,108.4,3469.8,120
GeForce GTX 1060,8/18/16,81.9,122.9,3935.2,120
GeForce GTX 1060,12/26/17,60.2,120.4,3855.3,120
GeForce GTX 1060,12/26/17,68.3,136.7,4375,120
GeForce GTX 1060,3/8/18,72.2,120.4,3855.3,120
GeForce GTX 1060,3/8/18,82,136.7,4375,120
GeForce GTX 1060,10/18/18,72.2,120.4,3855.3,120
GeForce GTX 1060,10/18/18,82,136.7,4375,120
GeForce GTX 1060,7/19/16,72.2,120.4,3855.3,120
GeForce GTX 1060,7/19/16,82,136.7,4375,120
GeForce GTX 1060,4/20/17,72.2,120.4,3855.3,120
GeForce GTX 1060,4/20/17,82,136.7,4375,120
GeForce GTX 1070,6/10/16,96.3,180.7,5783,150
GeForce GTX 1070,6/10/16,107.7,201.9,6462.7,150
GeForce GTX 1070 Ti,11/2/17,102.8,244,7816.4,180
GeForce GTX 1070 Ti,11/2/17,107.7,256,8186.1,180
GeForce GTX 1080,5/27/16,102.8,257.1,8227.8,180
GeForce GTX 1080,5/27/16,110.9,277.2,8872.9,180
GeForce GTX 1080,4/20/17,102.8,257.1,8227.8,180
GeForce GTX 1080,4/20/17,110.9,277.2,8872.9,180
GeForce GTX 1080 Ti,3/5/17,130.2,331.5,10608.6,250
GeForce GTX 1080 Ti,3/5/17,139.2,354.3,11339.7,250
TITAN X Pascal,8/2/16,136,317.4,10157,250
TITAN X Pascal,8/2/16,146.9,342.9,10974.2,250
TITAN Xp,4/6/17,134.8,337.2,10790.4,250
TITAN Xp,4/6/17,142,355.2,11366.4,250
Nvidia TITAN V,12/7/17,153.6,384,12288,250
Nvidia TITAN V,12/7/17,186.2,465.6,14899.2,250
Nvidia TITAN VCEO Edition,6/21/18,153.6,384,12288,250
Nvidia TITAN VCEO Edition,6/21/18,186.2,465.6,14899.2,250
GeForce GTX 1630,6/28/22,28.56,57.12,1781.76,75
GeForce GTX 1630,6/28/22,28.56,57.12,1827.84,75
GeForce GTX 1650,4/23/19,47.52,83.16,2661,75
GeForce GTX 1650,4/23/19,47.52,83.16,2984,75
GeForce GTX 1650,4/3/20,45.12,78.96,2526.72,75
GeForce GTX 1650,4/3/20,45.12,78.96,2849.28,75
GeForce GTX 1650,6/18/20,50.88,89.04,2526.72,90
GeForce GTX 1650,6/18/20,50.88,89.04,2849.28,90
GeForce GTX 1650 Super,11/22/19,48.96,122.4,"3,916.80",100
GeForce GTX 1650 Super,11/22/19,48.96,122.4,4416,100
GeForce GTX 1660,3/14/19,73.44,134.64,4308,120
GeForce GTX 1660,3/14/19,73.44,134.64,5027,120
GeForce GTX 1660 Super,10/29/19,73.44,134.64,4308,125
GeForce GTX 1660 Super,10/29/19,73.44,134.64,5027,125
GeForce GTX 1660 Ti,2/21/19,72,144,4608,120
GeForce GTX 1660 Ti,2/21/19,72,144,5437.44,120
GeForce RTX 2060,1/15/19,65.52,163.8,5241.6,160
GeForce RTX 2060,1/15/19,80.64,201.6,"6,451.20",160
GeForce RTX 2060,1/10/20,65.52,163.8,5241.6,160
GeForce RTX 2060,1/10/20,80.64,201.6,"6,451.20",160
GeForce RTX 2060,12/7/21,79.2,199.92,6400,185
GeForce RTX 2060,12/7/21,79.2,224.4,7180,185
GeForce RTX 2060 Super,7/9/19,94.08,199.92,6400,175
GeForce RTX 2060 Super,7/9/19,105.6,224.4,7180,175
GeForce RTX 2070,10/17/18,90.24,203.04,6497.28,175
GeForce RTX 2070,10/17/18,103.68,233.28,7464.96,175
GeForce RTX 2070 Super,7/9/19,102.7,256.8,8220,215
GeForce RTX 2070 Super,7/9/19,113.28,283.2,9060,215
GeForce RTX 2080,9/20/18,96.96,278.76,8920.32,215
GeForce RTX 2080,9/20/18,109.44,314.64,10068.48,215
GeForce RTX 2080 Super,7/23/19,105.6,316.8,10140,250
GeForce RTX 2080 Super,7/23/19,116.16,348.48,11150,250
GeForce RTX 2080 Ti,9/27/18,118.8,367.2,11750.4,250
GeForce RTX 2080 Ti,9/27/18,135.96,420.24,13447.68,250
Nvidia TITAN RTX,12/18/18,129.6,388.8,12441.6,280
Nvidia TITAN RTX,12/18/18,169.92,509.76,16312.32,280
GeForce 8400M G,5/1/07,1.6,3.2,19.2,10
GeForce 8400M GS,5/1/07,1.6,3.2,38.4,11
GeForce 8400M GT,5/1/07,1.8,3.6,43.2,14
GeForce 8600M GS,5/1/07,2.4,4.8,57.6,20
GeForce 8600M GT,5/1/07,3.8,7.6,91.2,20
GeForce 8700M GT,6/1/07,5,10,120,29
GeForce 8800M GTS,11/1/07,8,16,240,50
GeForce 8800M GTX,11/1/07,8,24,360,65
GeForce 9100M G mGPU,1/1/08,1.8,3.6,26.4,12
GeForce 9200M GS,1/1/08,2.2,4.4,31.2,13
GeForce 9300M G,1/1/08,1.6,3.2,38.4,13
GeForce 9300M GS,1/1/08,2.2,4.4,33.6,13
GeForce 9400M G,10/15/08,1.8,3.6,54,12
GeForce 9500M G,1/1/08,4,4,60,20
GeForce 9500M GS,1/1/08,3.8,7.6,91.2,20
GeForce 9600M GS,1/1/08,3.44,6.88,103.2,20
GeForce 9600M GT,1/1/08,4,8,120,23
GeForce 9650M GS,1/1/08,5,10,120,29
GeForce 9650M GT,1/1/08,4.4,8.8,127.2,23
GeForce 9700M GT,7/29/08,5,10,148.8,45
GeForce 9700M GTS,7/29/08,8.48,12.7,190.8,60
GeForce 9800M GS,1/1/08,8.48,16.96,254,60
GeForce 9800M GTS,7/29/08,9.6,19.2,288,75
GeForce 9800M GT,7/29/08,8,24,360,65
GeForce 9800M GTX,7/29/08,8,28,420,75
GeForce G 102M,1/8/09,1.8,3.6,48,14
GeForce G 103M,1/1/09,2.56,5.12,38,14
GeForce G 105M,1/8/09,2.56,5.12,38,14
GeForce G 110M,1/8/09,1.6,3.2,48,14
GeForce GT 120M,2/11/09,4,8,110,23
GeForce GT 130M,1/8/09,4.8,9.6,144,23
GeForce GTS 160M,3/3/09,9.6,19.2,288,60
GeForce G210M,6/15/09,2.5,5,72,14
GeForce GT 220M,1/1/09,4,8,120,14
GeForce GT 230M,6/15/09,4,8,158,23
GeForce GT 240M,6/15/09,4.4,8.8,174,23
GeForce GTS 250M,6/15/09,4,16,360,28
GeForce GTS 260M,6/15/09,4.4,17.6,396,38
GeForce GTX 260M,3/3/09,8.8,30.8,462,65
GeForce GTX 280M,3/3/09,9.36,37.44,562,75
GeForce GTX 285M,2/1/10,9.6,38.4,576,75
GeForce 305M,1/10/10,2.1,4.2,55,14
GeForce 310M,1/10/10,2.5,5,73,14
GeForce 315M,1/5/11,2.42,4.85,58.18,14
GeForce 320M,4/1/10,3.6,7.2,136.8,20
GeForce GT 320M,1/21/10,4,4,90,14
GeForce GT 325M,1/10/10,3.6,7.2,142,23
GeForce GT 330M,1/10/10,4.6,9.2,182,23
GeForce GT 335M,1/7/10,3.6,10.8,233,28
GeForce GTS 350M,1/7/10,4,16,360,28
GeForce GTS 360M,1/7/10,4.4,17.6,413,38
GeForce 410M,1/5/11,2.3,4.6,110.4,12
GeForce GT 420M,9/3/10,2,8,192,16.5
GeForce GT 425M,9/3/10,2.24,8.96,215.04,21.5
GeForce GT 435M,9/3/10,2.6,10.4,249.6,33.5
GeForce GT 445M,9/3/10,9.44,14.16,339.84,32.5
GeForce GT 445M,9/3/10,14.16,14.16,339.84,32.5
GeForce GTX 460M,9/3/10,16.2,21.6,518.4,47.5
GeForce GTX 470M,9/3/10,13.2,26.4,633.6,47.5
GeForce GTX 480M,5/25/10,13.6,18.7,598.4,100
GeForce GTX 485M,1/5/11,18.4,36.8,883.2,100
GeForce GT 520M,1/5/11,2.96,5.92,142.08,12
GeForce GT 520MX,5/30/11,3.6,7.2,172.8,20
GeForce GT 525M,1/5/11,2.4,9.6,230.4,21.5
GeForce GT 540M,1/5/11,2.688,10.752,258.048,33.5
GeForce GT 550M,1/5/11,2.96,11.84,284.16,33.5
GeForce GT 550M,1/5/11,2.96,11.84,312.6,33.5
GeForce GT 555M,1/5/11,14.6,14.6,339.84,32.5
GeForce GT 555M,1/5/11,10.4,15.6,374.4,32.5
GeForce GT 555M,1/5/11,3,12,289.15,32.5
GeForce GTX 560M,5/30/11,18.6,24.8,595.2,75
GeForce GTX 570M,6/28/11,13.8,32.2,772.8,75
GeForce GTX 580M,6/28/11,19.8,39.7,952.3,100
GeForce 610M,12/1/11,3.6,7.2,142.08,12
GeForce GT 620M,4/1/12,2.5,10,240,15
GeForce GT 625M,10/1/12,2.5,10,240,15
GeForce GT 630M,4/1/12,2.6,10.7,258,33
GeForce GT 630M,4/1/12,3.2,12.8,307.2,33
GeForce GT 635M,4/1/12,16.2,16.2,289.2,35
GeForce GT 635M,4/1/12,16.2,16.2,388.8,35
GeForce GT 640M LE,3/22/12,3,12.2,292.6,32
GeForce GT 640M LE,3/22/12,8,16,384,20
GeForce GT 640M,3/22/12,10,20,480,32
GeForce GT 645M,10/1/12,11.36,22.72,545,32
GeForce GT 650M,3/22/12,11.9,23.8,572.2,45
GeForce GT 650M,3/22/12,13.4,26.7,641.3,45
GeForce GT 650M,3/22/12,14.4,28.8,691.2,45
GeForce GTX 660M,3/22/12,15.2,30.4,729.6,50
GeForce GTX 670M,4/1/12,14.35,33.5,833,75
GeForce GTX 670MX,10/1/12,14.4,48,1181,75
GeForce GTX 675M,4/1/12,19.8,39.7,972,100
GeForce GTX 675MX,10/1/12,19.2,48,1281,100
GeForce GTX 680M,6/4/12,23,80.6,1933,100
GeForce GTX 680MX,10/23/12,23,92.2,2209,122
GeForce 710M,1/1/13,3.2,12.8,307.2,12
GeForce 710M,7/24/13,5.752,11.5,276.1,15
GeForce GT 720M,12/25/13,3.032,12.13,291,22
GeForce GT 730M,1/1/13,5.8,23,552.2,33
GeForce GT 740M,4/1/13,12.96,25.92,622.1,45
GeForce GT 745M,4/1/13,13.4,26.8,642.8,45
GeForce GT 750M,4/1/13,15.5,30.9,742.7,50
GeForce GTX 760M,5/1/13,10.5,42.1,1104,55
GeForce GTX 765M,5/1/13,13.6,54.4,1326,65
GeForce GTX 770M,5/1/13,19.5,64.9,1530,75
GeForce GTX 780M,5/1/13,26.3,105.3,2448,122
GeForce 810M,2/1/14,3.25,6.5,156.1,15
GeForce 820M,2/1/14,3.35,13.4,321.2,15
GeForce 825M,1/27/14,6.8,13.6,652.8,33
GeForce 830M,3/12/14,8.2,16.5,526.8,25
GeForce 840M,3/12/14,8.2,24.7,790.3,30
GeForce GTX 850M,3/12/14,14,35,1121.3,40
GeForce GTX 850M,3/12/14,15,37.4,1198.1,40
GeForce GTX 860M,3/12/14,16.5,41.2,1389,42.5
GeForce GTX 860M,3/12/14,12.8,76.5,2108,75
GeForce GTX 870M,3/12/14,22.6,105.4,2599,110
GeForce GTX 880M,3/12/14,30.5,122.1,3104,130
GeForce 910M,3/13/15,5.128,20.51,492.3,33
GeForce 920M,3/12/15,7.6,30.5,733,33
GeForce 930M,3/12/15,7.4,22.3,713,29
GeForce 940M,3/12/15,8.6,25.7,823,36
GeForce 940MX,1/1/16,9.9,29.8,954,23
GeForce 940MX,6/28/16,6.9,27.6,882,23
GeForce GTX 950M,3/12/15,14.6,36.6,1170,55
GeForce GTX 960M,3/12/15,17.5,43.8,1403,65
GeForce GTX 965M,1/5/15,30.2,60.4,1933,60
GeForce GTX 970M,10/7/14,44.4,73.9,2365,75
GeForce GTX 980M,10/7/14,66.4,99.6,3189,100
GeForce GTX 980,9/22/15,68.1,136.2,4358,165
GeForce GTX 1650 (Laptop),4/23/19,49.92,99.84,3195,50
GeForce GTX 1650 Max-Q,4/23/19,39.84,79.68,2550,30
GeForce GTX 1650 Ti Max-Q,4/2/20,38.4,76.8,2458,35
GeForce GTX 1650 Ti,4/2/20,47.52,95.04,3041,55
GeForce GTX 1660 Ti Max-Q,4/23/19,64.08,128.2,4101,60
GeForce GTX 1660 Ti (Laptop),4/23/19,76.32,152.6,4884,80
GeForce RTX 2060,1/29/19,57.6,144,4608,80
GeForce RTX 2060 Max-Q,1/29/19,56.88,142.2,4550,65
GeForce RTX 2070,1/29/19,92.16,207.4,6636,115
GeForce RTX 2070 Max-Q,1/29/19,75.84,170.6,5460,80
GeForce RTX 2070 Super,4/2/20,88.3,220.8,7066,115
GeForce RTX 2070 Super Max-Q,4/2/20,69.1,172.8,5530,80
GeForce RTX 2080,1/29/19,101.8,292.6,9362,150
GeForce RTX 2080 Max-Q,1/29/19,70.08,201.5,6447,80
GeForce RTX 2080 Super,4/2/20,99.8,299.5,9585,150
GeForce RTX 2080 Super Max-Q,4/2/20,69.1,207.4,6636,80
GeForce MX110(Maxwell),11/17/17,7.944,15.89,508.4,30
GeForce MX130(Maxwell),11/17/17,9.936,29.81,861.7,30
GeForce MX130(Maxwell),11/17/17,9.936,29.81,953.9,30
GeForce MX150(Pascal),5/17/17,14.99,22.49,719.6,10
GeForce MX150(Pascal),5/17/17,14.99,22.49,797.2,10
GeForce MX150(Pascal),5/17/17,23.49,35.23,1127,25
GeForce MX150(Pascal),5/17/17,23.49,35.23,1177,25
GeForce MX230(Pascal),2/20/19,25.31,25.31,810,10
GeForce MX250(Pascal),2/20/19,16.61,24.91,797.2,10
GeForce MX250(Pascal),2/20/19,24.3,36.4,1166,25
GeForce MX330(Pascal),2/12/20,25.5,38.26,1224,20
GeForce MX350(Pascal),2/12/20,23.49,46.98,1879,20
GeForce MX450(Turing),8/1/20,23.04,40.32,1290,20
GeForce MX450(Turing),8/1/20,50.4,88.2,2822,20
GeForce MX450(Turing),8/1/20,23.04,40.32,1290,20
GeForce MX450(Turing),8/1/20,50.4,88.2,2822,20
GeForce MX550(Turing),3/1/22,21.12,42.24,2703,20
GeForce MX570(Ampere),3/1/22,46.2,73.92,4731,30
Quadro FX 46002,3/5/07,12,24,345,134
Quadro FX 4600 SDI2,3/5/07,12,24,345,154
Quadro FX 56002,3/5/07,14.4,38.4,518.4,171
Quadro FX 370,9/12/07,1.44,2.88,34.56,35
Quadro FX 370 LP,11/6/08,2.16,4.32,25.92,25
Quadro FX 470,9/12/07,2.32,4.64,67.2,30
Quadro FX 570,9/12/07,3.68,3.68,44.1,38
Quadro FX 1700,9/12/07,3.68,7.36,88.32,42
Quadro FX 3700,1/8/08,8,28,420,78
Quadro FX 4700X2,4/18/08,16,64,1152,226
Quadro VX 200,1/8/08,8,28,378,75
Quadro FX 380,3/30/09,3.6,3.6,52.8,34
Quadro FX 380 LP,12/1/09,2.356,4.712,67.296,28
Quadro FX 580,4/9/09,3.6,7.2,108,40
Quadro FX 1800,3/30/09,6.6,17.6,264,59
Quadro FX 3800,3/30/09,9.632,38.528,691.2,108
Quadro FX 4800,11/11/08,14.448,38.528,693.504,150
Quadro FX 5800,11/11/08,20.736,51.84,878.4,189
Quadro CX,11/11/08,14.448,38.528,693.504,150
Quadro 400,4/5/11,1.8,7.2,108,32
Quadro 600,12/13/10,2.56,10.24,245.76,40
Quadro 2000,12/24/10,10,20,480,62
Quadro 4000,11/2/10,15.2,15.2,486.4,142
Quadro 5000,2/23/11,20.53,22.572,722.304,152
Quadro 6000,12/10/10,27.552,32.144,1028.608,204
Quadro 7000,5/2/12,31.248,41.7,1332,204
Quadro Plex 7000,7/25/11,36.74,73.48,2352,600
Quadro 410,8/7/12,5.65,11.3,271.1,38
Quadro K600,3/1/13,14,14,336.38,41
Quadro K2000,3/1/13,15.2,30.5,732.67,51
Quadro K2000D,3/1/13,15.2,30.5,732.67,51
Quadro K4000,3/1/13,19.4,51.9,1244.93,80
Quadro K5000,8/17/12,22.6,90.4,2168.83,122
Quadro K6000,7/23/13,54.1,216,5196,225
Quadro K420,7/22/14,12.48,12.48,299.52,41
Quadro K620,7/22/14,16,24,768,45
Quadro K1200,1/28/15,15.3,30.5,1083,45
Quadro K2200,7/22/14,16.7,41.8,1338.9,68
Quadro K4200,7/22/14,24.96,87.36,2096.64,105
Quadro K5200,7/22/14,20.8,124.8,2995.2,150
Quadro M2000,4/8/16,37.8,56.6,1812.5,75
Quadro M4000,6/29/15,51.2,83.2,2662.4,120
Quadro M5000,6/29/15,67.2,134.4,4300.8,150
Quadro M6000,3/21/15,94.8,189.7,6070,250
Quadro P400,2/7/17,17.1,17.1,641,30
Quadro P600,2/7/17,21.7,32.5,1195,40
Quadro P620,2/1/18,23.3,46.6,1490,40
Quadro P1000,2/7/17,43.3,54.2,1894,47
Quadro P2000,2/6/17,54.8,87.7,3010,75
Quadro P2200,6/10/19,59.7,119.4,3822,75
Quadro P4000,2/6/17,78.5,137.4,5300,105
Quadro P5000,10/1/16,102.8,257.1,8873,180
Quadro P6000,10/1/16,136,340,10882,250
Quadro P6000,10/1/16,136,340,11758,250
Quadro GP100,10/1/16,184.7,323,10336,235
Quadro GV100,3/27/18,208.4,521,14800,250
Quadro RTX 4000,11/13/18,98.9,222.5,7119,112.5
Quadro RTX 5000,8/13/18,116.2,348.5,11151,177.5
Quadro RTX 6000,8/13/18,169.9,509.8,16312,180
Quadro RTX 8000,8/13/18,169.9,509.8,16312,180
RTX A2000 ,8/10/21,57.6,124.8,7987,70
RTX A2000 ,8/10/21,57.6,124.8,7987,70
RTX A4000 ,4/12/21,149.8,299.5,19170,140
RTX A5000 ,4/12/21,162.7,433.9,27770,230
RTX A6000 ,10/5/20,201.6,604.8,38709.7,300
NVS 290,10/4/07,1.84,3.68,44.16,21
NVS 295,5/7/09,2.2,4.4,31.2,23
NVS 300,1/8/11,2.356,4.712,67.3,17.5
NVS 310,6/26/12,2.092,4.184,100.4,19.5
NVS 315,3/10/13,2.092,4.184,100.4,19.5
NVS 400,7/16/04,0.88,1.76,10.656,18
NVS 420,1/20/09,4.4,8.8,62.4,40
NVS 450,11/11/08,4.4,8.8,62.4,35
NVS 510,10/23/12,3.188,12.75,306,35
NVS 810,11/4/15,16.53,33.06,1058,68
Quadro FX 360M,5/9/07,1.6,3.2,38.4,17
Quadro FX 1600M,6/1/07,5,10,120,50
Quadro FX 3600M,2/23/08,8,16,240,70
Quadro FX 3600M,2/23/08,8,24,360,70
Quadro FX 370M,8/15/08,2.2,2.2,33.6,20
Quadro FX 570M,6/1/07,3.8,7.6,91.2,45
Quadro FX 770M,8/14/08,4,8,119,35
Quadro FX 1700M,10/1/08,5,10,148.8,50
Quadro FX 2700M,8/14/08,8.48,12.72,190.8,65
Quadro FX 3700M,8/14/08,8.8,35.2,528,75
Quadro FX 380M,1/7/10,2.5,5,73.44,25
Quadro FX 880M,1/7/10,4.4,8.8,174.24,35
Quadro FX 1800M,6/15/09,3.6,10.8,233.28,45
Quadro FX 2800M,12/1/09,8,16,360,75
Quadro FX 3800M,8/14/08,10.8,43.2,648.192,100
Quadro 500M,2/22/11,2.8,11.2,268.8,35
Quadro 1000M,1/13/11,2.8,11.2,268.8,45
Quadro 2000M,1/13/11,8.8,17.6,422.4,55
Quadro 3000M,2/22/11,14.4,18,432,75
Quadro 4000M,2/22/11,15.2,26.6,638.4,100
Quadro 5000M,7/27/10,12.96,16.2,518.4,100
Quadro 5010M,2/22/11,14.4,21.6,691.2,100
Quadro K500M,6/1/12,6.8,13.6,326.4,35
Quadro K1000M,6/1/12,13.6,13.6,326.4,45
Quadro K2000M,6/1/12,11.92,23.84,572.16,55
Quadro K3000M,6/1/12,20.93,31.39,753.41,75
Quadro K4000M,6/1/12,19.2,48,1152,100
Quadro K5000M,8/7/12,22.59,79.07,1897.73,100
Quadro K510M,7/23/13,6.8,13.6,326.4,30
Quadro K610M,7/23/13,7.84,15.68,376.32,30
Quadro K1100M,7/23/13,11.45,22.91,549.89,45
Quadro K2100M,7/23/13,10.46,31.39,753.41,55
Quadro K3100M,7/23/13,21.76,43.52,1044.48,75
Quadro K4100M,7/23/13,22.59,67.77,1626.624,100
Quadro K5100M,7/23/13,24.67,98.68,2368.51,100
Quadro K2200M,7/19/14,18.4,46,1472,65
Quadro M500M,4/27/16,8.992,17.98,863.2,25
Quadro M600M,8/18/15,7.008,14.02,672.8,30
Quadro M1000M,8/18/15,15.89,31.78,1017,40
Quadro M2000M,12/3/15,17.57,43.92,1405,55
Quadro M3000M,8/18/15,33.6,67.2,2150,75
Quadro M4000M,8/18/15,62.4,78,2496,100
Quadro M5000M,8/18/15,62.4,93.6,2955.3,100
Quadro T1000,5/27/19,46.56,69.84,2235,45
Quadro T2000,5/27/19,57.1,114.2,3500,60
Quadro RTX 3000,5/27/19,88.32,198.7,6359,70
Quadro RTX 3000 Max-Q,5/27/19,77.76,175,5599,60
Quadro RTX 4000,5/27/19,99.84,249.6,7987,110
Quadro RTX 4000 Max-Q,5/27/19,88.32,220.8,7066,80
Quadro RTX 5000,5/27/19,98.88,296.6,9492,110
Quadro RTX 5000 Max-Q,5/27/19,86.4,259.2,8294,80
Quadro NVS 130M,5/9/07,1.6,1.6,19.2,10
Quadro NVS 135M,5/9/07,1.6,3.2,38.4,10
Quadro NVS 140M,5/9/07,1.6,3.2,38.4,10
Quadro NVS 150M,8/15/08,2.12,2.12,31.2,10
Quadro NVS 160M,8/15/08,2.12,4.24,34.8,12
Quadro NVS 320M,6/9/07,4.6,9.2,110.4,20
NVS 2100M,1/7/10,2.14,4.28,59.04,14
NVS 3100M,1/7/10,2.4,4.8,70.56,14
NVS 5100M,2/22/11,4.4,8.8,174.24,35
NVS 5200M,6/1/12,2.5,10,240,35
NVS 5400M,6/1/12,2.64,10.56,253.44,35